Modèle,Métrique_principale,RMSE_ou_Accuracy,MAE_ou_F1
Régression Linéaire - Train,0.7135430944030889,431.0328888659212,355.793231005847
Régression Linéaire - Test,0.7104405378353106,432.0442434361538,356.4700563627264
Classification - Test,0.9423447537473233,0.9423447537473233,0.9424402757736091
